1,Colorado
1,Idaho
1,Kalimantan Tengah
1,New York
1,Florida
1,California
1,California
1,Pennsylvania
1,Virginia
1,Kansas
1,New York
1,Pennsylvania
1,Ontario
1,Georgia
1,Georgia
1,New York
1,Telangana
1,Kansas
1,Pennsylvania
1,Iowa
1,California
1,Ohio
1,Ohio
1,New Jersey
1,Indiana
1,Virginia
1,Connecticut
1,New York
1,New York
1,Kansas
1,New York
1,New York
1,New York
1,Kansas
1,Texas
1,California
1,Kansas
1,Virginia
1,Victoria
1,Illinois
1,Florida
1,Virginia
1,Missouri
1,New York
1,Washington
1,Gauteng
1,Nebraska
1,Illinois
1,District of Columbia
1,New York
1,Benghazi district
1,District of Columbia
1,Rhode Island
1,California
1,North Carolina
1,Illinois
1,Georgia
1,Texas
1,Kansas
1,Massachusetts
1,Saskatchewan
1,New York
1,Illinois
1,Tennessee
1,Nevada
1,Rhode Island
1,Saskatchewan
1,District of Columbia
1,Ontario
1,Florida
1,District of Columbia
1,Pennsylvania
1,New York
1,North Carolina
1,Clarendon
1,Georgia
1,Ontario
1,New Brunswick
1,Kentucky
1,Gujarat
1,New York
1,Utah
1,Delaware
1,Maryland
1,Tennessee
1,Illinois
1,District of Columbia
1,Illinois
1,Washington
1,Kansas
1,Texas
1,New York
1,Maryland
1,North Carolina
1,Iowa
1,California
1,South Carolina
1,St Lawrence
1,Florida
1,Kentucky
1,New York
1,Daerah Istimewa Yogyakarta
1,Illinois
1,Maryland
1,Arizona
1,New York
1,Selangor
1,Iowa
1,California
1,Michigan
1,Istanbul
1,California
1,Connecticut
1,Georgia
1,Pays de la Loire
1,Georgia
1,New York
1,Florida
1,Maryland
1,Kansas
1,California
1,North Carolina
1,New York
1,England
1,Ohio
1,Illinois
1,Kansas
1,Maryland
1,Kansas
1,Texas
1,North Carolina
1,Arizona
1,Georgia
1,Saskatchewan
1,New York
1,Florida
1,Kansas
1,Massachusetts
1,Ohio
1,Illinois
1,Illinois
1,Florida
1,New York
1,Oklahoma
1,Wyoming
1,Québec
1,Missouri
1,North Carolina
1,New Jersey
1,Nebraska
1,Kansas
1,Kansas
1,Ohio
1,New York
1,England
1,Ohio
1,New York
1,California
1,Georgia
1,Kansas
1,Florida
1,Florida
1,Georgia
1,Georgia
1,Alabama
1,Ohio
1,North Carolina
1,Georgia
1,Arizona
1,Massachusetts
1,Pennsylvania
1,Arkansas
1,St. Andrew Parish
1,California
1,New Jersey
1,Texas
1,Oklahoma
1,Tennessee
1,Virginia
1,Massachusetts
1,Oregon
1,Tennessee
1,Nevada
1,Pennsylvania
1,Tennessee
1,Saskatchewan
1,Indiana
1,Krung Thep Maha Nakhon
1,Queensland
1,North Carolina
1,North Carolina
1,New York
1,South Australia
1,Florida
1,New York
1,Ontario
1,Virginia
1,Massachusetts
1,Massachusetts
1,California
1,New York
1,Massachusetts
1,Florida
1,Kansas
1,New Hampshire
1,Ontario
1,Missouri
1,Louisiana
1,North Carolina
1,Wisconsin
1,Kansas
1,District of Columbia
1,Pennsylvania
1,Maryland
1,Florida
1,Saskatchewan
1,California
1,Ontario
1,Pennsylvania
1,Oklahoma
1,Missouri
1,Kansas
1,Illinois
1,New York
1,Virginia
1,Volyns'ka oblast
1,Florida
1,Oklahoma
1,Connecticut
1,Minnesota
1,Tennessee
1,Florida
1,Tennessee
1,Colorado
1,Ontario
1,Tennessee
1,Pennsylvania
1,New Jersey
1,Maryland
1,New York
1,Massachusetts
1,New York
1,Oklahoma
1,Wisconsin
1,Ohio
1,Tennessee
1,Louisiana
1,Clarendon
1,South Carolina
1,Georgia
1,Alabama
1,Georgia
1,Kansas
1,Ontario
1,Florida
1,Wisconsin
1,Texas
1,Illinois
1,Ontario
1,Kansas
1,North Carolina
1,Massachusetts
1,New Jersey
1,Maryland
1,Utah
1,New York
1,North Carolina
1,Louisiana
1,Texas
1,Wyoming
1,Northern Territory
1,Ontario
1,Oklahoma
1,Oklahoma
1,Missouri
1,Arkansas
1,New York
1,Kansas
1,Iowa
1,England
1,Maryland
1,Kansas
1,Kansas
1,New Jersey
1,Missouri
1,Colorado
1,New Jersey
1,Kansas
1,Arizona
1,Texas
1,Louisiana
1,Saskatchewan
1,Florida
1,New York
1,Johor
1,Newfoundland and Labrador
1,Washington
1,Iowa
1,Île-de-France
1,Ohio
1,Texas
1,Ohio
1,Iowa
1,England
1,Ohio
1,Kansas
1,Tennessee
1,Florida
1,Wisconsin
1,Massachusetts
1,Georgia
1,New York
1,North Carolina
1,Washington
1,Pennsylvania
1,Wisconsin
1,California
1,New York
1,Missouri
1,New York
1,Tokyo-to
1,Wisconsin
1,Kansas
1,Ohio
1,Texas
1,New Jersey
1,Wyoming
1,Florida
1,Ontario
1,Connecticut
1,Utah
1,Ohio
1,New York
1,Tennessee
1,Florida
1,New Mexico
1,Massachusetts
1,Ontario
1,Wisconsin
1,District of Columbia
1,Florida
1,Kansas
1,Tennessee
1,Pennsylvania
1,Illinois
1,New York
1,Hawaii
1,Connecticut
1,Florida
1,New Mexico
1,Ontario
1,New York
1,Pennsylvania
1,New York
1,Kansas
1,New York
1,District of Columbia
1,Arkansas
1,Texas
1,Kansas
1,New York
1,Ohio
1,Virginia
1,Minnesota
1,Texas
1,Ohio
1,Massachusetts
1,Michigan
1,Maryland
1,Kansas
1,New York
1,Oregon
1,Oregon
1,Maryland
1,Virginia
1,Wyoming
1,Kentucky
1,Illinois
1,New York
1,New York
1,Colorado
1,New York
1,Provincia de Coclé
1,Florida
1,Illinois
1,Iowa
1,New York
1,New York
1,Kansas
1,Alabama
1,Pennsylvania
1,Pennsylvania
1,New York
1,Massachusetts
1,Georgia
1,Texas
1,New York
1,New York
1,New York
1,Nebraska
1,New York
1,Kentucky
1,Ontario
1,Kansas
1,Texas
1,California
1,Iowa
1,Pennsylvania
1,Kansas
1,Kansas
1,Saskatchewan
1,Brussels Hoofdstedelijk Gewest
1,South Carolina
1,Maine
1,Michigan
1,Massachusetts
1,Kansas
1,Kansas
1,Maryland
1,Minnesota
1,California
1,New York
1,Virginia
1,North Carolina
1,Missouri
1,Illinois
1,Georgia
1,Minnesota
1,District of Columbia
1,Québec
1,Georgia
1,Pennsylvania
1,Utrecht
1,Illinois
1,Indiana
1,Arkansas
1,Kansas
1,New York
1,Florida
1,California
1,North Carolina
1,New Jersey
1,California
1,Pennsylvania
1,Kansas
1,São Paulo
1,Kansas
1,Rhode Island
1,Rhode Island
1,New York
1,Virginia
1,Ohio
1,California
1,Missouri
1,New York
1,Pennsylvania
1,West Virginia
1,Kansas
1,Arkansas
1,Saskatchewan
1,Texas
1,Kansas
1,New York
1,New York
1,Carolina
1,New Jersey
1,Montana
1,Iowa
1,Tennessee
1,South Dakota
1,Pennsylvania
1,Massachusetts
1,Virginia
1,Tunapuna/Piarco Municipal Corporation
1,South Carolina
1,Illinois
1,Wisconsin
1,Virginia
1,Kansas
1,Texas
1,Ontario
1,Florida
1,Michigan
1,Colorado
1,Pennsylvania
1,North Carolina
1,Florida
1,Pennsylvania
1,England
1,Thüringen
1,Pennsylvania
1,Indiana
1,Nevada
1,New York
1,Massachusetts
1,Illinois
1,Maryland
1,New York
1,District of Columbia
1,Florida
1,Alabama
1,Massachusetts
1,District of Columbia
1,Kansas
1,Pennsylvania
1,Pennsylvania
1,England
1,Texas
1,Ohio
1,Pennsylvania
1,Arkansas
1,Illinois
1,Florida
1,Oregon
1,Scotland
1,Saskatchewan
1,Pennsylvania
1,Florida
1,Virginia
1,Michigan
1,Georgia
1,Ontario
1,Ohio
1,Florida
1,Alabama
1,New York
1,California
1,Kentucky
1,Florida
1,Wellington
1,Illinois
1,Texas
1,Kansas
1,Wisconsin
1,North Carolina
1,Massachusetts
1,Kansas
1,Indiana
1,Arkansas
1,New York
1,Ontario
1,New York
1,Wisconsin
1,Michigan
1,Illinois
1,District of Columbia
1,Arkansas
1,Illinois
1,England
1,Tennessee
1,South Dakota
1,South Carolina
1,Virginia
1,Florida
1,Virginia
1,Missouri
1,Texas
1,Pennsylvania
1,Pennsylvania
1,Minnesota
1,Ohio
1,Florida
1,North Carolina
1,Texas
1,Florida
1,California
1,Georgia
1,California
1,California
1,South Carolina
1,Ohio
1,North Carolina
1,Michigan
1,Washington
1,Ontario
1,Florida
1,Ohio
1,Ohio
1,New York
1,California
1,Louisiana
1,New Mexico
1,Florida
1,South Dakota
1,Saskatchewan
1,New Jersey
1,Pennsylvania
1,Colorado
1,California
1,Colorado
1,Oregon
1,Florida
1,Georgia
1,California
1,Kentucky
1,Ontario
1,Florida
1,Georgia
1,Massachusetts
1,Virginia
1,Ontario
1,Michigan
1,Texas
1,California
1,województwo lódzkie
1,Steiermark
1,New Jersey
1,New York
1,Illinois
1,Washington
1,Ohio
1,Guanajuato
1,Illinois
1,Ohio
1,South Carolina
1,Illinois
1,Washington
1,Ontario
1,England
1,New York
1,Arkansas
1,Utrecht
1,Colorado
1,Kansas
1,England
1,Florida
1,Wales
1,Georgia
1,England
1,Pennsylvania
1,Texas
1,Florida
1,Michigan
1,Oregon
1,New York
1,Arkansas
1,Vermont
1,Québec
1,Wyoming
1,District of Columbia
1,Ohio
1,Texas
1,Indiana
1,Kansas
1,Rhode Island
1,Maryland
1,California
1,North Carolina
1,Kansas
1,Nova Scotia
1,District of Columbia
1,Georgia
1,Virginia
1,Connecticut
1,Virginia
1,Virginia
1,Florida
1,Pennsylvania
1,Missouri
1,Anse La Raye
1,Kansas
1,New York
1,Colorado
1,New York
1,California
1,New Jersey
1,Ohio
1,New York
1,Ohio
1,Pennsylvania
1,Oregon
1,Connecticut
1,Virginia
1,Northern Territory
1,Michigan
1,Kansas
1,Virginia
1,Texas
1,Quebec
1,Georgia
1,Michigan
1,Kansas
1,North Carolina
1,New York
1,Mississippi
1,Rhode Island
1,Pennsylvania
1,Nova Scotia
1,Virginia
1,New Jersey
1,Kansas
1,Saskatchewan
1,Indiana
1,Alabama
1,Tennessee
1,Florida
1,Florida
1,Nebraska
1,Michigan
1,Missouri
1,Pennsylvania
1,North Carolina
1,Illinois
1,North Carolina
1,Missouri
1,New York
1,Pennsylvania
1,Kentucky
1,Pennsylvania
1,Georgia
1,Michigan
1,Illinois
1,California
1,Pennsylvania
1,North Carolina
1,Florida
1,Ohio
1,Alabama
1,New York
1,Ciudad de México
1,Florida
1,Arizona
1,Alabama
1,Pennsylvania
1,Tennessee
1,Missouri
1,Georgia
1,Florida
1,Illinois
1,Pennsylvania
1,Illinois
1,Minnesota
1,Arizona
1,Texas
1,Florida
1,Iowa
1,Maryland
1,California
1,New York
1,California
1,Pennsylvania
1,Virginia
1,Minnesota
1,Minnesota
1,Ohio
1,Florida
1,California
1,Kentucky
1,Florida
1,Georgia
1,Texas
1,Florida
1,Minnesota
1,Ohio
1,North Carolina
1,Florida
1,Pennsylvania
1,Indiana
1,Illinois
1,New York
1,Jayuya
1,Ohio
1,Wyoming
1,Michigan
1,Illinois
1,England
1,California
1,Ohio
1,New York
1,Arizona
1,Illinois
1,Georgia
1,New York
1,Bogotá
1,North Carolina
1,Montana
1,Pennsylvania
1,North Carolina
1,District of Columbia
1,Connecticut
1,New York
1,Ontario
1,California
1,Arkansas
1,Pennsylvania
1,New York
1,Kansas
1,California
1,New Brunswick
1,Michigan
1,Huánuco
1,England
1,Kentucky
1,Lazio
1,Kansas
1,Georgia
1,Kansas
1,Minnesota
1,Texas
1,Connecticut
1,Florida
1,Missouri
1,North Carolina
1,Florida
1,Ohio
1,Missouri
1,Massachusetts
1,Indiana
1,Georgia
1,California
1,Texas
1,District of Columbia
1,Georgia
1,California
1,Illinois
1,Manitoba
1,Calabarzon
1,New York
1,Ontario
1,Michigan
1,Hawaii
1,California
1,California
1,New Hampshire
1,Kansas
1,Virginia
1,Pennsylvania
1,Minnesota
1,Minnesota
1,Ontario
1,Minnesota
1,Mississippi
1,Georgia
1,Kansas
1,Virginia
1,New York
1,Georgia
1,Georgia
1,Oregon
1,New Mexico
1,Florida
1,Wisconsin
1,Texas
1,Maryland
1,Pennsylvania
1,New York
1,Georgia
1,Texas
1,District of Columbia
1,England
1,New York
1,Kansas
1,Washington
1,Andalucía
1,District of Columbia
1,Kansas
1,Florida
1,North Carolina
1,California
1,Pennsylvania
1,Connecticut
1,Free State
1,Texas
1,Minnesota
1,Pennsylvania
1,California
1,New Jersey
1,Tennessee
1,Georgia
1,New Mexico
1,New York
1,Ontario
1,District of Columbia
1,Arizona
1,North Carolina
1,New Jersey
1,Texas
1,New York
1,Pennsylvania
1,Maryland
1,North Carolina
1,Saskatchewan
1,Georgia
1,Illinois
1,Colorado
1,Missouri
1,Pennsylvania
1,Georgia
1,New York
1,New York
1,Ontario
1,Alabama
1,Georgia
1,Missouri
1,Nebraska
1,Kansas
1,Kansas
1,Minnesota
1,Missouri
1,Wisconsin
1,Colorado
1,New York
1,Illinois
1,Maryland
1,Ohio
1,Oklahoma
1,Indiana
1,Tennessee
1,Florida
1,New York
1,New York
1,Maine
1,Newfoundland and Labrador
1,Wisconsin
1,Indiana
1,Washington
1,Montana
1,Georgia
1,Kansas
1,New York
1,Illinois
1,Kansas
1,District of Columbia
1,Florida
1,Minnesota
1,New York
1,Texas
1,Arkansas
1,Colorado
1,Connecticut
1,California
1,Virginia
1,Minnesota
1,Missouri
1,Iowa
1,New Jersey
1,New York
1,Maryland
1,Florida
1,Nebraska
1,Ohio
1,Pennsylvania
1,California
1,California
1,California
1,Ontario
1,Texas
1,California
1,New York
1,Nevada
1,North Carolina
1,Ohio
1,Pennsylvania
1,Florida
1,Connecticut
1,Florida
1,Iowa
1,Georgia
1,Alabama
1,Pennsylvania
1,Jalisco
1,Ontario
1,New York
1,Kansas
1,Connecticut
1,New Hampshire
1,Georgia
1,Maryland
1,North Carolina
1,Pennsylvania
1,New York
1,Florida
1,Texas
1,British Columbia
1,Kansas
1,California
1,Nebraska
1,Wellington
1,Georgia
1,Ohio
1,Ontario
1,New Jersey
1,Maryland
1,Iringa Region
1,Kansas
1,West Virginia
1,Oklahoma
1,England
1,Michigan
1,Ontario
1,North Carolina
1,Georgia
1,Ohio
1,Massachusetts
1,Indiana
1,Georgia
1,North Carolina
1,Wisconsin
1,Massachusetts
1,Wisconsin
1,New Mexico
1,California
1,Illinois
1,North Carolina
1,Pennsylvania
1,Alabama
1,New York
1,Florida
1,Massachusetts
1,Ohio
1,Kansas
1,Zürich
1,Tamil Nadu
1,Michigan
1,Georgia
1,Texas
1,Washington
1,Missouri
1,New Jersey
1,Saskatchewan
1,Virginia
1,New York
1,California
1,Maryland
1,Iowa
1,Pennsylvania
1,Texas
1,Connecticut
1,District of Columbia
1,Maryland
1,Kansas
1,Iowa
1,Georgia
1,New York
1,Georgia
1,Michigan
1,Connecticut
1,Georgia
1,Illinois
1,California
1,Texas
1,Virginia
1,New Jersey
1,Arkansas
1,Illinois
1,Illinois
1,California
1,Texas
1,New Jersey
1,Texas
1,Kansas
1,Connecticut
1,Kansas
1,South Carolina
1,South Dakota
1,Alaska
1,New York
1,Illinois
1,Delaware
1,Texas
1,Florida
1,Washington
1,Saskatchewan
1,Massachusetts
1,Kansas
1,Maine
1,Ohio
1,Pennsylvania
1,New York
1,Ohio
1,California
1,Colorado
1,Washington
1,New York
1,New York
1,Colorado
1,Maryland
1,Illinois
1,Indiana
1,New York
1,Utah
1,Georgia
1,Kansas
1,Oklahoma
1,Georgia
1,Illinois
1,New York
1,Ohio
1,Newfoundland and Labrador
1,Florida
1,Florida
1,California
1,New York
1,British Columbia
1,Arizona
1,California
1,Kansas
1,Washington
1,New York
1,Florida
1,California
1,Ohio
1,Kansas
1,Oregon
1,Virginia
1,Tennessee
1,Virginia
1,California
1,California
1,Pennsylvania
1,Oregon
1,Ontario
1,Massachusetts
1,Florida
1,Punjab
1,Missouri
1,Missouri
1,Missouri
1,Missouri
1,Missouri
1,Missouri
1,Kansas
1,Northwestern Region
1,Kansas
1,New Jersey
1,Alabama
1,Maryland
1,Massachusetts
1,New York
1,Florida
1,Michigan
1,Massachusetts
1,New York
1,Indiana
1,New York
1,California
1,Wisconsin
1,New Jersey
1,Florida
1,Illinois
1,New York
1,Oklahoma
1,Missouri
1,Virginia
1,Georgia
1,Departamento de Santa Cruz
1,Nevada
1,Illinois
1,Georgia
1,South Carolina
1,New York
1,Illinois
1,North Carolina
1,Texas
1,North Carolina
1,New York
1,New York
1,New York
1,Kansas
1,Kansas
1,Kansas
1,Kansas
1,Kansas
1,New York
1,Buskerud
1,Florida
1,Georgia
1,Ontario
1,Ohio
1,Massachusetts
1,Maryland
1,Georgia
1,South Carolina
1,Pennsylvania
1,Massachusetts
1,Massachusetts
1,New York
1,Tennessee
1,Illinois
1,Tennessee
1,Kansas
1,New Jersey
1,Jiangxi Sheng
1,Florida
1,New Jersey
1,District of Columbia
1,New York
1,Texas
1,Pennsylvania
1,Texas
1,New York
1,Georgia
1,Georgia
1,Kansas
1,Kansas
1,Michigan
1,Texas
1,Michigan
1,California
1,Pennsylvania
1,Michigan
1,Florida
1,Kansas
1,Kansas
1,Oklahoma
1,Florida
1,New Mexico
1,Florida
1,Florida
1,Virginia
1,Illinois
1,California
1,Pennsylvania
1,Georgia
1,Kansas
1,New Jersey
1,Alabama
1,Texas
1,New York
1,California
1,British Columbia
1,North Carolina
1,Maryland
1,Virginia
1,Illinois
1,New York
1,Pennsylvania
1,Michigan
1,West Virginia
1,Georgia
1,Illinois
1,West Virginia
1,Ohio
1,Virginia
1,St Lawrence
1,England
1,California
1,Florida
1,Provence-Alpes-Côte d'Azur
1,Pennsylvania
1,California
1,Ontario
1,Minnesota
1,Missouri
1,Wisconsin
1,Florida
1,New York
1,South Carolina
1,Ohio
1,New York
1,Illinois
1,New Brunswick
1,Pennsylvania
1,Michigan
1,Florida
1,Thüringen
1,England
1,California
1,Colorado
1,Illinois
1,Illinois
1,Florida
1,Connecticut
1,Georgia
1,North Carolina
1,Wyoming
1,North Carolina
1,Virginia
1,Colorado
1,Oklahoma
1,England
1,Missouri
1,Ontario
1,California
1,Texas
1,Delaware
1,Texas
1,Virginia
1,New York
1,Kansas
1,Mississippi
1,Illinois
1,South Carolina
1,Pennsylvania
1,Texas
1,Ohio
1,Wyoming
1,Pennsylvania
1,Delaware
1,Ohio
1,California
1,California
1,North Carolina
1,Minnesota
1,Texas
1,Saskatchewan
1,New York
1,Pennsylvania
1,Kansas
1,California
1,Tennessee
1,Tennessee
1,England
1,New York
1,Utah
1,New York
1,California
1,California
1,Tennessee
1,Washington
1,Wisconsin
1,New Jersey
1,District of Columbia
1,Texas
1,Minnesota
1,Colorado
1,District of Columbia
1,Florida
1,California
1,Ontario
1,California
1,Tennessee
1,New York
1,Connecticut
1,Nebraska
1,Texas
1,Colorado
1,Ohio
1,Florida
1,South Carolina
1,Illinois
1,Texas
1,Missouri
1,Pennsylvania
1,South Carolina
1,Florida
1,Illinois
1,Florida
1,California
1,Pennsylvania
1,Pennsylvania
1,Riyadh Province
1,District of Columbia
1,Kansas
1,Pennsylvania
1,Tamaulipas
1,New Jersey
1,Maryland
1,New York
1,Missouri
1,Ohio
1,Louisiana
1,Wilayah Persekutuan Kuala Lumpur
1,Georgia
1,New York
1,North Carolina
1,Rhode Island
1,Missouri
1,Ontario
1,North Carolina
1,North Carolina
1,New York
1,Iowa
1,Ohio
1,Kansas
1,Pennsylvania
1,Missouri
1,Rhode Island
1,New York
1,District of Columbia
1,Iowa
1,Wisconsin
1,California
1,Delaware
1,Indiana
1,New York
1,Minnesota
1,Missouri
1,Victoria
1,Utrecht
1,Northern Territory
1,Pennsylvania
1,Delaware
1,Connecticut
1,New York
1,Indiana
1,Florida
1,Thüringen
1,Kansas
1,North Carolina
1,Ohio
1,Louisiana
1,Illinois
1,Maryland
1,County Offaly
1,Pennsylvania
1,New York
1,Ontario
1,Utrecht
1,California
1,Massachusetts
1,Illinois
1,Illinois
1,New York
1,Tennessee
1,New York
1,California
1,Florida
1,Minnesota
1,Maryland
1,Florida
1,Georgia
1,North Carolina
1,New York
1,Virginia
1,Alabama
1,Tennessee
1,South Carolina
1,Missouri
1,Virginia
1,Ohio
1,Ohio
1,Connecticut
1,Arkansas
1,Montana
1,Tennessee
1,Illinois
1,Florida
1,Florida
1,Ontario
1,Kansas
1,South Carolina
1,Ohio
1,Iowa
1,California
1,Maine
1,North Carolina
1,New Mexico
1,Georgia
1,Texas
1,New York
1,New Jersey
1,Pennsylvania
1,Pennsylvania
1,Oklahoma
1,Ontario
1,Maryland
1,Maryland
1,Washington
1,New York
1,California
1,North Carolina
1,Virginia
1,Mississippi
1,Saskatchewan
1,Georgia
1,Oregon
1,Virginia
1,Louisiana
1,Florida
1,Pennsylvania
1,Kansas
1,Virginia
1,St. Elizabeth Parish
1,Arkansas
1,California
1,New York
1,New York
1,Michigan
1,Texas
1,Kansas
1,New York
1,Georgia
1,Florida
1,Kentucky
1,Connecticut
1,Colorado
1,Buskerud
1,Kentucky
1,Minnesota
1,New Jersey
1,Karnataka
1,New Jersey
1,Tunapuna/Piarco Municipal Corporation
1,Illinois
1,Illinois
1,New York
1,Utah
1,Ohio
1,Mississippi
1,New York
1,Michigan
1,Kentucky
1,Kansas
1,Kentucky
1,Texas
1,Kansas
1,New Jersey
1,Wisconsin
1,Ohio
1,New Mexico
1,Gyeonggi-do
1,Florida
1,Indiana
1,Massachusetts
1,Ohio
1,Ontario
1,Kansas
1,Georgia
1,Louisiana
1,North Carolina
1,Utah
1,Kansas
1,New Jersey
1,New York
1,North Carolina
1,South Carolina
1,Florida
1,Texas
1,Kansas
1,Texas
1,Florida
1,New York
1,Tennessee
1,North Carolina
1,Iowa
1,Illinois
1,Kansas
1,Kansas
1,Maryland
1,Michigan
1,Pennsylvania
1,North Carolina
1,Quebec
1,St Lawrence
1,New York
1,Michigan
1,Missouri
1,Nova Scotia
1,Florida
1,Nevada
1,Alaska
1,Virginia
1,New Mexico
1,California
1,North Carolina
1,Ohio
1,Texas
1,Florida
1,Texas
1,Maryland
1,Iowa
1,New Jersey
1,Pennsylvania
1,Ontario
1,Maryland
1,New Jersey
1,Tennessee
1,Mississippi
1,Washington
1,New York
1,Pennsylvania
1,Saskatchewan
1,Louisiana
1,Saskatchewan
1,Pennsylvania
1,New York
1,Missouri
1,Tennessee
1,California
1,Ohio
1,Illinois
1,California
1,South Carolina
1,Kansas
1,Tennessee
1,Kansas
1,Connecticut
1,Kansas
1,Pennsylvania
1,Quetzaltenango
1,North Carolina
1,Ontario
1,Pennsylvania
1,Missouri
1,District of Columbia
1,Alabama
1,Saskatchewan
1,California
1,South Carolina
1,Ohio
1,Pennsylvania
1,District of Columbia
1,Kansas
1,Alabama
1,Washington
1,New York
1,South Carolina
1,Michigan
1,England
1,Massachusetts
1,Illinois
1,Texas
1,Nevada
1,New York
1,Indiana
1,Kansas
1,Kentucky
1,New York
1,Florida
1,Illinois
1,Indiana
1,Virginia
1,North Carolina
1,California
1,Arizona
1,Davao Region
1,Massachusetts
1,Arizona
1,Mississippi
1,Colorado
1,Idaho
1,New York
1,Pennsylvania
1,Virginia
1,Saskatchewan
1,New York
1,Pennsylvania
1,Georgia
1,Georgia
1,New York
1,Georgia
1,Kansas
1,California
1,California
1,Pennsylvania
1,Ohio
1,New Jersey
1,County Waterford
1,Indiana
1,North Carolina
1,Ohio
1,Manawatu-Wanganui
1,Virginia
1,Connecticut
1,Mississippi
1,New York
1,New York
1,Kansas
1,Texas
1,District of Columbia
1,California
1,Kansas
1,Virginia
1,Victoria
1,Oklahoma
1,Illinois
1,West Virginia
1,Florida
1,Virginia
1,Missouri
1,New York
1,Washington
1,Gauteng
1,Nebraska
1,Madison County
1,Washington
1,Kansas
1,Illinois
1,Kansas
1,Oklahoma
1,Kansas
1,Tennessee
1,Washington
1,Hidalgo
1,Illinois
1,New Jersey
1,Northern Territory
1,Saskatchewan
1,Scotland
1,Ontario
1,Georgia
1,Alabama
1,Hawaii
1,California
1,Oklahoma
1,Newfoundland and Labrador
1,Florida
1,Flevoland
1,California
1,Colorado
1,Estado de México
1,Kansas
1,North Carolina
1,Kansas
1,Florida
1,New Jersey
1,Wallonie
1,Texas
1,New Jersey
1,Kansas
1,Massachusetts
1,Northern Territory
1,Texas
1,Saint Joseph
1,Missouri
1,Alabama
1,Minnesota
1,West Virginia
1,Tunapuna/Piarco Municipal Corporation
1,Saskatchewan
1,Kansas
1,California
1,Texas
1,California
1,Wisconsin
1,Arkansas
1,Indiana
1,Florida
1,Kansas
1,Florida
1,California
1,California
1,Kansas
1,New York
1,Iowa
1,New York
1,Ohio
1,British Columbia
1,Indiana
1,Ontario
1,Bali
1,California
1,Tennessee
1,Wellington
1,California
1,Northern Territory
1,California
1,Florida
1,Massachusetts
1,Scotland
1,New York
1,Tokyo-to
1,New Jersey
1,Kansas
1,Stockholms län
1,Tennessee
1,Illinois
1,Ohio
1,Pennsylvania
1,Kansas
1,St Lawrence
1,New York
1,Michigan
1,Florida
1,Kansas
1,Alabama
1,New York
1,Wyoming
1,North Carolina
1,Clarendon
1,Colorado
1,Kansas
1,Arizona
1,Maryland
1,Kansas
1,Tennessee
1,Colorado
1,New York
1,Tennessee
1,Florida
1,Illinois
1,Kansas
1,Ohio
1,Pennsylvania
1,Northern Territory
1,Tennessee
1,New York
1,District of Columbia
1,Nova Scotia
1,California
1,Kentucky
1,Oklahoma
1,Pennsylvania
1,Kansas
1,District of Columbia
1,Pennsylvania
1,Texas
1,Texas
1,Illinois
1,Quebec
1,Kansas
1,Texas
1,Maryland
1,Kansas
1,New York
1,Ohio
1,Arizona
1,Maryland
1,Kansas
1,Kansas
1,California
1,New York
1,California
1,Nevada
1,Minas Gerais
1,Georgia
1,California
1,Kansas
1,Hawaii
1,California
1,Wisconsin
1,Indiana
1,New Jersey
1,Toyama-ken
1,Saskatchewan
1,Ohio
1,Scotland
1,Florida
1,Texas
1,Colorado
1,Northern Ireland
1,Ohio
1,California
1,Texas
1,Texas
1,Ohio
1,Shandong Sheng
1,St. Andrew Parish
1,Massachusetts
1,Colorado
1,Ontario
1,Illinois
1,Madhya Pradesh
1,New Jersey
1,New York
1,Illinois
1,Kansas
1,Wyoming
1,Florida
1,Kansas
1,Illinois
1,Ontario
1,Ohio
1,Saskatchewan
1,Nevada
1,Maryland
1,Queensland
1,New York
1,Québec
1,New York
1,Alabama
1,California
1,Virginia
1,Kansas
1,Michigan
1,Michigan
1,Kansas
1,Kansas
1,Kansas
1,California
1,Kansas
1,Ohio
1,Arkansas
1,California
1,South Carolina
1,New York
1,Kansas
1,Kansas
1,Oklahoma
1,Virginia
1,New York
1,Saskatchewan
1,California
1,Illinois
1,New Jersey
1,Minnesota
1,Rhode Island
1,California
1,Florida
1,Kansas
1,Kansas
1,New York
1,Florida
1,Georgia
1,Colorado
1,New York
1,Minnesota
1,Illinois
1,Ontario
1,West Virginia
1,Ohio
1,Jayuya
1,Ontario
1,New York
1,Kansas
1,Scotland
1,Arizona
1,Jayuya
1,New York
1,Texas
1,Indiana
1,Kansas
1,Nova Scotia
1,Georgia
1,Maryland
1,New Brunswick
1,Louisiana
1,South Dakota
1,Delhi
1,Nebraska
1,Mississippi
1,New York
1,Tunapuna/Piarco Municipal Corporation
1,Missouri
1,New York
1,Provincia de Veraguas
1,District of Columbia
1,Massachusetts
1,New York
1,Nova Scotia
1,Illinois
1,Indiana
1,District of Columbia
1,Ontario
1,Kansas
1,Saskatchewan
1,Nova Scotia
1,New York
1,Ontario
1,Maryland
1,Georgia
1,California
1,Illinois
1,North Carolina
1,North Carolina
1,Ohio
1,Michigan
1,Texas
1,New York
1,Maine
1,Connecticut
1,Kansas
1,Maine
1,Utah
1,Massachusetts
1,Kansas
1,Kansas
1,Virginia
1,Kansas
1,Pennsylvania
1,Illinois
1,North Carolina
1,North Carolina
1,Tennessee
1,Kentucky
1,North Carolina
1,Utah
1,Pennsylvania
1,Indiana
1,Kansas
1,Missouri
1,Michigan
1,New York
1,Colorado
1,Georgia
1,North Carolina
1,Florida
1,Aseer Province
1,Maine
1,Kansas
1,Illinois
1,Iowa
1,Florida
1,Ontario
1,Kansas
1,New Jersey
1,Bolívar
1,Kansas
1,California
1,California
1,District of Columbia
1,Kansas
1,Colorado
1,Florida
1,Oklahoma
1,Michigan
1,Georgia
1,New York
1,Georgia
1,Ohio
1,Kansas
1,Florida
1,New York
1,Clarendon
1,Kansas
1,West Virginia
1,District of Columbia
1,West Virginia
1,Kansas
1,Madhya Pradesh
1,California
1,New York
1,Maryland
1,California
1,Maine
1,Ontario
1,Utah
1,Kansas
1,Veneto
1,California
1,Colorado
1,Texas
1,Kansas
1,Ontario
1,California
1,West Virginia
1,Maryland
1,Pennsylvania
1,Florida
1,Michigan
1,Minnesota
1,Saskatchewan
1,Texas
1,Kansas
1,Texas
1,District of Columbia
1,Ontario
1,Oregon
1,Illinois
1,Nova Scotia
1,Tennessee
1,California
1,New York
1,Colorado
1,Kansas
1,Ontario
1,Kentucky
1,Pennsylvania
1,Washington
1,Massachusetts
1,North Carolina
1,Kansas
1,Texas
1,Arkansas
1,Kansas
1,District of Columbia
1,Virginia
1,New York
1,New Jersey
1,Kansas
1,Alabama
1,South Carolina
1,Louisiana
1,Saskatchewan
1,Wellington
1,Wisconsin
1,Kansas
1,Ohio
1,New York
1,Wisconsin
1,Virginia
1,New York
1,New York
1,Pennsylvania
1,District of Columbia
1,St. Andrew Parish
1,Washington
1,Kansas
1,Connecticut
1,Georgia
1,Maryland
1,Tennessee
1,Florida
1,Volyns'ka oblast
1,Florida
1,Kansas
1,Ohio
1,Kansas
1,Ohio
1,Illinois
1,Texas
1,MIMAROPA
1,Texas
1,Pennsylvania
1,Arkansas
1,Pennsylvania
1,Missouri
1,Michigan
1,Florida
1,Ohio
1,Washington
1,California
1,Georgia
1,New York
1,Québec
1,New York
1,Pennsylvania
1,Florida
1,Michigan
1,Distrito Capital
1,Georgia
1,District of Columbia
1,Kansas
1,Colorado
1,Kansas
1,California
1,North Carolina
1,New York
1,Georgia
1,Kansas
1,Texas
1,Alabama
1,Massachusetts
1,North Carolina
1,Arkansas
1,Florida
1,Nevada
1,Texas
1,Tennessee
1,Michigan
1,Clarendon
1,New Jersey
1,California
1,California
1,California
1,California
1,California
1,Kansas
1,New York
1,County Offaly
1,Kabul
1,California
1,Pennsylvania
1,Alabama
1,Kansas
1,Alabama
1,Kansas
1,Pennsylvania
1,New York
1,Wisconsin
1,Pennsylvania
1,District of Columbia
1,Massachusetts
1,District of Columbia
1,Georgia
1,Utah
1,Ohio
1,Pennsylvania
1,England
1,Rhode Island
1,New York
1,Illinois
1,Ohio
1,New York
1,Québec
1,Kansas
1,Florida
1,Virginia
1,Colorado
1,Wisconsin
1,Pennsylvania
1,Illinois
1,Illinois
1,Saskatchewan
1,Michigan
1,Alta Verapaz
1,Massachusetts
1,Nebraska
1,Ohio
1,Alabama
1,Indiana
1,Nova Scotia
1,North Carolina
1,Missouri
1,Provincia de Coclé
1,Ohio
1,New Hampshire
1,Florida
1,Massachusetts
1,New South Wales
1,Provence-Alpes-Côte d'Azur
1,New York
1,Región de Valparaíso
1,Arkansas
1,Kentucky
1,County Offaly
1,Illinois
1,New York
1,Saskatchewan
1,Virginia
1,Delaware
1,Maryland
1,Wyoming
1,Michigan
1,New York
1,New York
1,Ontario
1,Georgia
1,California
1,Kansas
1,New Hampshire
1,Minnesota
1,Pennsylvania
1,South Carolina
1,Northern Territory
1,Valle del Cauca
1,Kansas
1,Pennsylvania
1,California
1,Ohio
1,California
1,Virginia
1,California
1,Scotland
1,California
1,Tennessee
1,Wales
1,Ohio
1,Florida
1,North Carolina
1,Wisconsin
1,Ontario
1,Saskatchewan
1,Ohio
1,Alaska
1,California
1,Kansas
1,Illinois
1,Ontario
1,Arkansas
1,Georgia
1,Pennsylvania
1,Kansas
1,California
1,Kansas
1,Colorado
1,California
1,Massachusetts
1,New York
1,Ontario
1,New York
1,Texas
1,Kansas
1,Kentucky
1,Florida
1,VII Región
1,Arizona
1,Maine
1,Tennessee
1,Wisconsin
1,New York
1,Cundinamarca
1,Saskatchewan
1,Virginia
1,District of Columbia
1,New York
1,South Carolina
1,California
1,Florida
1,New Jersey
1,California
1,Nebraska
1,Illinois
1,Kentucky
1,Indiana
1,Maryland
1,Illinois
1,Ontario
1,Arkansas
1,Kansas
1,Arkansas
1,District of Columbia
1,Texas
1,Illinois
1,California
1,Ohio
1,Oklahoma
1,California
1,Georgia
1,Maine
1,New York
1,Kansas
1,Texas
1,California
1,Illinois
1,New York
1,Kentucky
1,California
1,Texas
1,Wisconsin
1,Ontario
1,Lazio
1,District of Columbia
1,Alabama
1,Wisconsin
1,California
1,California
1,Florida
1,Georgia
1,Ohio
1,Colorado
1,Newfoundland and Labrador
1,Texas
1,Rio Grande do Sul
1,Arkansas
1,Georgia
1,Georgia
1,Newfoundland and Labrador
1,New York
1,Ontario
1,Utah
1,Massachusetts
1,Florida
1,South Carolina
1,Kansas
1,New York
1,Ontario
1,Wales
1,California
1,Ohio
1,District of Columbia
1,South Dakota
1,Maryland
1,District of Columbia
1,Arkansas
1,Georgia
1,Arkansas
1,Missouri
1,Texas
1,Nevada
1,California
1,Alabama
1,Georgia
1,Idaho
1,Florida
1,Kansas
1,Utah
1,North Carolina
1,Florida
1,North Carolina
1,Kansas
1,Oklahoma
1,District of Columbia
1,Ontario
1,North Carolina
1,Wellington
1,Georgia
1,Oklahoma
1,South Carolina
1,South Carolina
1,Georgia
1,Kansas
1,Wisconsin
1,California
1,Pennsylvania
1,Missouri
1,Utah
1,Florida
1,Alabama
1,Región de Valparaíso
1,Maine
1,South Carolina
1,Alta Verapaz
1,New York
1,South Dakota
1,Florida
1,Ohio
1,Wisconsin
1,Wisconsin
1,Kansas
1,Wisconsin
1,Arkansas
1,Florida
1,Wisconsin
1,Saskatchewan
1,Texas
1,Missouri
1,South Carolina
1,New Jersey
1,District of Columbia
1,Colorado
1,Antioquia
1,Kansas
1,Hessen
1,Arkansas
1,New York
1,Virginia
1,Maine
1,Colorado
1,Iowa
1,Missouri
1,Daerah Khusus Ibukota Jakarta
1,England
1,Tennessee
1,New York
1,Florida
1,South Carolina
1,Arkansas
1,Wisconsin
1,Pennsylvania
1,Colorado
1,Georgia
1,Ohio
1,Illinois
1,Michigan
1,Texas
1,California
1,England
1,Ontario
1,California
1,Departamento de Cortés
1,Indiana
1,Kansas
1,New York
1,Kentucky
1,British Columbia
1,Florida
1,Ontario
1,Clarendon
1,Michigan
1,Michigan
1,Georgia
1,California
1,New York
1,West Virginia
1,Kentucky
1,Texas
1,Pennsylvania
1,Minnesota
1,Maryland
1,Maryland
1,Wisconsin
1,Wellington
1,Ohio
1,Delhi
1,Kansas
1,South Carolina
1,Ohio
1,Texas
1,Utah
1,California
1,Minnesota
1,Oklahoma
1,Oregon
1,Tennessee
1,Oregon
1,Arizona
1,District of Columbia
1,Stockholms län
1,Minnesota
1,Virginia
1,Massachusetts
1,Zacatecas
1,New York
1,Ontario
1,Guanajuato
1,Pennsylvania
1,Texas
1,Texas
1,New Jersey
1,Florida
1,New Mexico
1,Tennessee
1,Clarendon
1,Ohio
1,Comunidad de Madrid
1,New York
1,Bayern
1,New York
1,Massachusetts
1,Kansas
1,New York
1,Texas
1,New York
1,Texas
1,California
1,Missouri
1,New York
1,California
1,West Virginia
1,Massachusetts
1,Alabama
1,Florida
1,Massachusetts
1,County Offaly
1,Manitoba
1,Saskatchewan
1,Illinois
1,Pennsylvania
1,Vermont
1,Georgia
1,Texas
1,Utah
1,Michigan
1,Rhode Island
1,North Carolina
1,Pennsylvania
1,Utah
1,District of Columbia
1,Lagos
1,New Mexico
1,Pennsylvania
1,New York
1,Virginia
1,Tennessee
1,New York
1,Illinois
1,New York
1,Illinois
1,Florida
1,Florida
1,Texas
1,California
1,County Offaly
1,Colorado
1,Missouri
1,Maryland
1,Utah
1,South Dakota
1,Jeollabuk-do
1,Virginia
1,Illinois
1,Florida
1,Alabama
1,Saskatchewan
1,Kentucky
1,Florida
1,Oregon
1,New York
1,Maryland
1,District of Columbia
1,New York
1,Kansas
1,Maryland
1,Michigan
1,Georgia
1,Kansas
1,Texas
1,Arkansas
1,California
1,Texas
1,Ontario
1,Massachusetts
1,North Carolina
1,Nevada
1,Ontario
1,Wisconsin
1,Illinois
1,Newfoundland and Labrador
1,Washington
1,Wellington
1,Texas
1,New Mexico
1,Wisconsin
1,Colorado
1,Pennsylvania
1,Kentucky
1,Texas
1,California
1,Arkansas
1,Missouri
1,Ontario
1,Ontario
1,Georgia
1,Iowa
1,California
1,Utah
1,Ohio
1,Minnesota
1,North Carolina
1,California
1,Maryland
1,California
1,Tennessee
1,Wien
1,North Carolina
1,Washington
1,Nebraska
1,Pennsylvania
1,Maryland
1,California
1,New Mexico
1,Georgia
1,Québec
1,Tennessee
1,Illinois
1,New York
1,New Jersey
1,North Carolina
1,New Jersey
1,Ohio
1,Virginia
1,Georgia
1,Connecticut
1,Kansas
1,New York
1,Georgia
1,Punjab
1,Colorado
1,Texas
1,Missouri
1,Saskatchewan
1,Massachusetts
1,Ontario
1,Texas
1,New York
1,Kentucky
1,Kansas
1,Missouri
1,Tennessee
1,Maine
1,California
1,Missouri
1,New Mexico
1,Kansas
1,Kansas
1,Tennessee
1,Kansas
1,Ohio
1,Ohio
1,Kansas
1,Illinois
1,Connecticut
1,Illinois
1,Ohio
1,Virginia
1,New York
1,England
1,Illinois
1,Massachusetts
1,North Carolina
1,Massachusetts
1,Tennessee
1,Michigan
1,Massachusetts
1,Georgia
1,New Jersey
1,Minnesota
1,England
1,Missouri
1,England
1,Kansas
1,Vermont
1,North Kurdufan
1,Tennessee
1,Texas
1,Ontario
1,Clarendon
1,North Carolina
1,Illinois
1,California
1,British Columbia
1,Ontario
1,Hawaii
1,Illinois
1,Missouri
1,Missouri
1,England
1,Nebraska
1,Kansas
1,Tennessee
1,Missouri
1,Nebraska
1,Kentucky
1,Kansas
1,California
1,New York
1,Kansas
1,Florida
1,Florida
1,Florida
1,Florida
1,California
1,Illinois
1,Ohio
1,Pennsylvania
1,Wellington
1,Kansas
1,North Carolina
1,District of Columbia
1,District of Columbia
1,North Carolina
1,Ontario
1,Minnesota
1,Virginia
1,Florida
1,Florida
1,Tennessee
1,Illinois
1,Indiana
1,Michigan
1,Colorado
1,Texas
1,California
1,Colorado
1,Illinois
1,Pennsylvania
1,New York
1,Ontario
1,Pennsylvania
1,Alaska
1,Minnesota
1,Ohio
1,Lisboa
1,Florida
1,Texas
1,Arizona
1,Arizona
1,Illinois
1,Illinois
1,New York
1,Florida
1,Ontario
1,Florida
1,New York
1,New Jersey
1,Georgia
1,Kansas
1,Florida
1,Ohio
1,Illinois
1,Utah
1,Kansas
1,Pennsylvania
1,Pennsylvania
1,Kansas
1,Missouri
1,Massachusetts
1,Ontario
1,Ohio
1,Ohio
1,Florida
1,California
1,Virginia
1,Pennsylvania
1,California
1,Quebec
1,Massachusetts
1,Ontario
1,Massachusetts
1,Maine
1,Victoria
1,District of Columbia
1,Massachusetts
1,New York
1,Pennsylvania
1,New South Wales
1,Pennsylvania
1,Georgia
1,New South Wales
1,Connecticut
1,Indiana
1,Pennsylvania
1,Kansas
1,Michigan
1,New York
1,Washington
1,Utah
1,Virginia
1,Tennessee
1,Ontario
1,New York
1,Florida
1,Ohio
1,Saskatchewan
1,Massachusetts
1,Kansas
1,Texas
1,North Carolina
1,New York
1,Pennsylvania
1,Minnesota
1,New York
1,Borgou
1,Tennessee
1,Connecticut
1,Virginia
1,Alabama
1,Tennessee
1,New York
1,Ohio
1,Kansas
1,Utah
1,Georgia
1,Kansas
1,Florida
1,England
1,New York
1,Maine
1,California
1,California
1,Georgia
1,District of Columbia
1,Oklahoma
1,Georgia
1,Minnesota
1,Pennsylvania
1,Ontario
1,New York
1,Pennsylvania
1,Kansas
1,Bogotá
1,Colorado
1,Ontario
1,North Carolina
1,New York
1,Kansas
1,Indiana
1,North Carolina
1,Kansas
1,Tunapuna/Piarco Municipal Corporation
1,Tennessee
1,New York
1,New Jersey
1,Florida
1,Pennsylvania
1,Texas
1,Oregon
1,Maryland
1,Alabama
1,Massachusetts
1,District of Columbia
1,New Jersey
1,New York
1,District of Columbia
1,Minnesota
1,Saskatchewan
1,Texas
1,District of Columbia
1,New York
1,Massachusetts
1,Saskatchewan
1,Illinois
1,Aydin
1,Uppsala län
1,Pennsylvania
1,Saskatchewan
1,Ontario
1,Tennessee
1,Arkansas
1,Ontario
1,New York
1,New York
1,Newfoundland and Labrador
1,England
1,Florida
1,Saskatchewan
1,Georgia
1,New York
1,Oklahoma
1,Maryland
1,New York
1,New York
1,Kansas
1,Arizona
1,North Carolina
1,New Jersey
1,New York
1,District of Columbia
1,Ontario
1,Rivière du Rempart District
1,Massachusetts
1,Florida
1,Saskatchewan
1,California
1,Pennsylvania
1,Ontario
1,Québec
1,California
1,Washington
1,Texas
1,Minnesota
1,New Jersey
1,South Carolina
1,Oklahoma
1,Colorado
1,Illinois
1,Izmir
1,Kansas
1,Madhya Pradesh
1,Virginia
1,Washington
1,Illinois
1,Washington
1,New York
1,Massachusetts
1,Illinois
1,Ontario
1,Virginia
1,California
1,Oklahoma
1,Arkansas
1,District of Columbia
1,Missouri
1,Missouri
1,Massachusetts
1,Virginia
1,County Dublin
1,Georgia
1,Kansas
1,North Carolina
1,Kansas
1,Massachusetts
1,Madhya Pradesh
1,New York
1,Ohio
1,Virginia
1,Ontario
1,British Columbia
1,Illinois
1,Illinois
1,Nova Scotia
1,Colorado
1,Kansas
1,Indiana
1,Florida
1,Kansas
1,New York
1,North Carolina
1,Piura
1,Ohio
1,District of Columbia
1,Northwestern Region
1,Maharashtra
1,Ohio
1,Georgia
1,Nevada
1,Pennsylvania
1,Tennessee
1,Bihar
1,Michigan
1,Kansas
1,Kansas
1,Ontario
1,Québec
1,New York
1,Tennessee
1,Kentucky
1,New Providence
1,Utrecht
1,Tennessee
1,Maryland
1,Ontario
1,Connecticut
1,North Carolina
1,Virginia
1,Georgia
1,Pennsylvania
1,Pennsylvania
1,District of Columbia
1,Maryland
1,Saskatchewan
1,Florida
1,Nova Scotia
1,South Australia
1,Minnesota
1,Missouri
1,Colorado
1,New York
1,Georgia
1,Texas
1,Michigan
1,District of Columbia
1,Colorado
1,Northern Territory
1,Washington
1,Kentucky
1,Georgia
1,Massachusetts
1,Michigan
1,Louisiana
1,Mississippi
1,Pennsylvania
1,Ontario
1,Kansas
1,New York
1,New York
1,Alabama
1,Ontario
1,South Dakota
1,Washington
1,Wisconsin
1,New York
1,California
1,Georgia
1,Kentucky
1,Illinois
1,North Carolina
1,Louisiana
1,Kansas
1,Ontario
1,Arizona
1,Florida
1,Ontario
1,Minnesota
1,Minnesota
1,Texas
1,New York
1,Illinois
1,Illinois
1,California
1,Florida
1,Missouri
1,Texas
1,Oregon
1,South Carolina
1,Georgia
1,New York
1,Minnesota
1,Kansas
1,New York
1,Connecticut
1,Georgia
1,Virginia
1,Illinois
1,Michigan
1,Florida
1,Minnesota
1,Colorado
1,Florida
1,Región Metropolitana
1,Québec
1,Indiana
1,Arkansas
1,Kentucky
1,Maryland
1,New Jersey
1,Oklahoma
1,Louisiana
1,Florida
1,Kentucky
1,New York
1,Connecticut
1,California
1,England
1,Maryland
1,District of Columbia
1,Massachusetts
1,Louisiana
1,Wyoming
1,Illinois
1,New York
1,California
1,Ohio
1,Tochigi-ken
1,Washington
1,New York
1,Texas
1,Pennsylvania
1,Kansas
1,Georgia
1,South Dakota
1,Florida
1,Missouri
1,Wellington
1,Central Region
1,Arkansas
1,Ontario
1,Omaheke Region
1,New York
1,New York
1,Oklahoma
1,Arkansas
1,Pennsylvania
1,South Carolina
1,Ohio
1,Alabama
1,New Jersey
1,Georgia
1,West Virginia
1,swietokrzyskie
1,Kansas
1,Ohio
1,Arkansas
1,New Jersey
1,New Jersey
1,California
1,Thüringen
1,District of Columbia
1,Georgia
1,Pennsylvania
1,Zacatecas
1,Ohio
1,New York
1,Delaware
1,Ohio
1,District of Columbia
1,Arkansas
1,Georgia
1,Arkansas
1,Pennsylvania
1,District of Columbia
1,District of Columbia
1,Kansas
1,England
1,Virginia
1,New Jersey
1,Illinois
1,West Virginia
1,Mississippi
1,Texas
1,Missouri
1,Kansas
1,New Jersey
1,California
1,Pennsylvania
1,Alabama
1,England
1,Texas
1,Illinois
1,Pennsylvania
1,Nevada
1,New Jersey
1,Buenos Aires
1,Louisiana
1,Texas
1,Kansas
1,Kansas
1,Texas
1,Michigan
1,Louisiana
1,Michigan
1,Ontario
1,Nevada
1,Obwalden
1,California
1,South Carolina
1,Arizona
1,Texas
1,Wisconsin
1,Colorado
1,Massachusetts
1,California
1,South Carolina
1,North Carolina
1,województwo lódzkie
1,New York
1,Oklahoma
1,Saskatchewan
1,Georgia
1,Florida
1,Santa Catarina
1,Pennsylvania
1,Québec
1,Mississippi
1,Arizona
1,Mississippi
1,Alabama
1,Alabama
1,Western Cape
1,Georgia
1,Saskatchewan
1,Wisconsin
1,Kansas
1,Ontario
1,Florida
1,Pennsylvania
1,Virginia
1,New York
1,Kansas
1,South Carolina
1,New Providence
1,Florida
1,South Carolina
1,North Carolina
1,New York
1,New York
1,Arizona
1,New York
1,Arkansas
1,Indiana
1,Pennsylvania
1,North Carolina
1,Florida
1,South Carolina
1,Illinois
1,Saskatchewan
1,Pennsylvania
1,California
1,California
1,Wisconsin
1,Massachusetts
1,New Jersey
1,New York
1,New York
1,Ontario
1,Texas
1,Virginia
1,Kansas
1,Kentucky
1,Kansas
1,New Jersey
1,Nevada
1,New Jersey
1,Kansas
1,South Dakota
1,Ontario
1,Kansas
1,New York
1,Texas
1,Texas
1,Ontario
1,District of Columbia
1,Mississippi
1,Arkansas
1,Missouri
1,Indiana
1,South Carolina
1,New York
1,Wisconsin
1,New York
1,Nova Scotia
1,England
1,Missouri
1,Michigan
1,Pennsylvania
1,Utah
1,Maryland
1,South Carolina
1,New York
1,Illinois
1,Missouri
1,Pennsylvania
1,Minnesota
1,Indiana
1,Colorado
1,Wisconsin
1,Missouri
1,województwo lódzkie
1,Newfoundland and Labrador
1,County Offaly
1,Minnesota
1,Pennsylvania
1,District of Columbia
1,Kansas
1,Mississippi
1,Pennsylvania
1,Illinois
1,Indiana
1,Illinois
1,Saskatchewan
1,Florida
1,England
1,New York
1,Alberta
1,Minnesota
1,Maryland
1,Ontario
1,British Columbia
1,New Brunswick
1,Texas
1,Florida
1,New York
1,Maryland
1,Ontario
1,Ohio
1,Saskatchewan
1,Ontario
1,Ohio
1,Illinois
1,New York
1,North Carolina
1,California
1,New Jersey
1,Georgia
1,Ontario
1,Wisconsin
1,Florida
1,Maryland
1,Texas
1,New York
1,New York
1,Illinois
1,Saskatchewan
1,California
1,New Jersey
1,Campania
1,Georgia
1,Ontario
1,Wisconsin
1,Kansas
1,Colorado
1,New York
1,California
1,Connecticut
1,Alabama
1,Connecticut
1,New York
1,Massachusetts
1,Massachusetts
1,District of Columbia
1,New Jersey
1,Kansas
1,Wisconsin
1,Rhode Island
1,South Dakota
1,Ohio
1,Iowa
1,Georgia
1,Saskatchewan
1,Kansas
1,St Lawrence
1,Newfoundland and Labrador
1,Virginia
1,Texas
1,North Carolina
1,Kansas
1,Illinois
1,Georgia
1,California
1,Florida
1,Ontario
1,Ontario
1,Maine
1,North Carolina
1,California
1,California
1,Illinois
1,California
1,District of Columbia
1,New Mexico
1,New York
1,New York
1,Maharashtra
1,Florida
1,Kansas
1,Nova Scotia
1,New York
1,New York
1,New York
1,Kansas
1,Texas
1,Minnesota
1,Zacatecas
1,Virginia
1,Minnesota
1,Alaska
1,Ontario
1,California
1,North Carolina
1,Illinois
1,Kansas
1,Ontario
1,Maryland
1,England
1,Virginia
1,Wisconsin
1,New York
1,Texas
1,Illinois
1,New York
1,Florida
1,Massachusetts
1,Oklahoma
1,Pennsylvania
1,County Offaly
1,Ontario
1,Maryland
1,South Carolina
1,Kansas
1,New York
1,Kansas
1,Saskatchewan
1,Saskatchewan
1,Wisconsin
1,New York
1,Indiana
1,Kansas
1,Kentucky
1,Massachusetts
1,Missouri
1,Ontario
1,Washington
1,New York
1,Iowa
1,Massachusetts
1,Wisconsin
1,Wisconsin
1,Virginia
1,Distrito Capital
1,Massachusetts
1,Oregon
1,Nebraska
1,Illinois
1,Saskatchewan
1,Ontario
1,Ohio
1,St Lawrence
1,Mississippi
1,Delaware
1,Illinois
1,South Carolina
1,Pennsylvania
1,North Carolina
1,Tennessee
1,District of Columbia
1,Wisconsin
1,New Mexico
1,Florida
1,Québec
1,Ontario
1,Rhode Island
1,Indiana
1,Michigan
1,Ontario
1,Ontario
1,Montana
1,California
1,Kansas
1,Tennessee
1,Minnesota
1,Illinois
1,Georgia
1,Florida
1,Kentucky
1,Indiana
1,Colorado
1,Nebraska
1,Tennessee
1,Virginia
1,Thüringen
1,New York
1,Connecticut
1,Kansas
1,California
1,Pennsylvania
1,Ohio
1,Illinois
1,New York
1,California
1,Wisconsin
1,New York
1,Ontario
1,Ontario
1,New York
1,New Jersey
1,Texas
1,Wisconsin
1,Illinois
1,Texas
1,New York
1,Florida
1,Connecticut
1,Texas
1,Florida
1,Connecticut
1,California
1,Virginia
1,Delhi
1,Virginia
1,Michigan
1,Massachusetts
1,Illinois
1,Texas
1,Saskatchewan
1,Texas
1,California
1,Connecticut
1,Illinois
1,Virginia
1,New Hampshire
1,Maryland
1,Texas
1,Kansas
1,Newfoundland and Labrador
1,West Virginia
1,Virginia
1,New York
1,Maryland
1,Florida
1,Oklahoma
1,Georgia
1,Riyadh Province
1,District of Columbia
1,Pennsylvania
1,Alabama
1,Indiana
1,California
1,Florida
1,New York
1,California
1,Kansas
1,Alabama
1,Kansas
1,District of Columbia
1,Alaska
1,Georgia
1,Tennessee
1,Maryland
1,Massachusetts
1,Ohio
1,Wisconsin
1,North Carolina
1,Ohio
1,Wisconsin
1,New York
1,Florida
1,Florida
1,Wisconsin
1,Illinois
1,Maryland
1,Kansas
1,Rhode Island
1,New York
1,New Jersey
1,Michigan
1,North Carolina
1,Ohio
1,Pennsylvania
1,Indiana
1,Florida
1,Nevada
1,Georgia
1,District of Columbia
1,Illinois
1,Kansas
1,Ohio
1,County Galway
1,Colorado
1,Tennessee
1,Kansas
1,District of Columbia
1,Indiana
1,Occitanie
1,Pennsylvania
1,South Carolina
1,Massachusetts
1,Kansas
1,Georgia
1,Georgia
1,New Jersey
1,Ontario
1,Kansas
1,Pennsylvania
1,Pennsylvania
1,New Jersey
1,Pennsylvania
1,Tennessee
1,Virginia
1,Pennsylvania
1,Arkansas
1,Florida
1,Texas
1,Virginia
1,California
1,Kansas
1,England
1,Pennsylvania
1,Maryland
1,New Jersey
1,New Jersey
1,Kansas
1,Maryland
1,Virginia
1,County Offaly
1,New York
1,North Carolina
1,Tennessee
1,Colorado
1,Pennsylvania
1,Michigan
1,Nevada
1,Tennessee
1,Colorado
1,Oklahoma
1,New York
1,England
1,Tennessee
1,Illinois
1,California
1,North Carolina
1,New York
1,New York
1,Arizona
1,North Carolina
1,Massachusetts
1,Massachusetts
1,Virginia
1,Florida
1,New York
1,Oklahoma
1,New York
1,Florida
1,La Pampa
1,Massachusetts
1,Alabama
1,Illinois
1,Oklahoma
1,Valle del Cauca
1,Georgia
1,New Jersey
1,Maharashtra
1,England
1,Georgia
1,North Carolina
1,Michigan
1,North Carolina
1,New York
1,California
1,Ontario
1,Maryland
1,Virginia
1,Kansas
1,Indiana
1,Illinois
1,Oklahoma
1,New Brunswick
1,North Carolina
1,New York
1,Ontario
1,District of Columbia
1,California
1,Georgia
1,Texas
1,Georgia
1,Arizona
1,MIMAROPA
1,Massachusetts
1,District of Columbia
1,New York
1,Oklahoma
1,Saskatchewan
1,Minnesota
1,Texas
1,Florida
1,Indiana
1,Colorado
1,New York
1,Connecticut
1,District of Columbia
1,New York
1,Oklahoma
1,California
1,Saskatchewan
1,North Carolina
1,California
1,California
